Irrigation (Season/ Plot:);2019;999;
Day;Month;Year;Depth [mm]
7;1;2019;63.74016939
12;2;2019;60.04234725
24;2;2019;64.08802178
10;3;2019;71.99032063
19;3;2019;58.34089534
