Irrigation (Season/ Plot:);2019;999;
Year;Month;Day;Depth [mm]
2019;1;7;63.74016939
2019;2;12;60.04234725
2019;2;24;64.08802178
2019;3;10;71.99032063
2019;3;19;58.34089534
